{"mean":{"confidence_interval":{"confidence_level":0.95,"lower_bound":-0.014787935306919254,"upper_bound":-0.004942691917148033},"point_estimate":-0.00964653489652012,"standard_error":0.0025090198504414156},"median":{"confidence_interval":{"confidence_level":0.95,"lower_bound":-0.013792921707577621,"upper_bound":-0.01049635397513049},"point_estimate":-0.011698513387288334,"standard_error":0.0007475749070574868}}