{"mean":{"confidence_interval":{"confidence_level":0.95,"lower_bound":-0.00604123806327284,"upper_bound":-0.00012886236785505023},"point_estimate":-0.003035981033442381,"standard_error":0.0015109179098064857},"median":{"confidence_interval":{"confidence_level":0.95,"lower_bound":-0.0010321952513725474,"upper_bound":0.00014021508817501567},"point_estimate":-0.00013864850257705452,"standard_error":0.0002739155713615351}}