{"mean":{"confidence_interval":{"confidence_level":0.95,"lower_bound":-0.0009373524148573064,"upper_bound":0.004782103824306958},"point_estimate":0.001667110751485179,"standard_error":0.0014575983023727005},"median":{"confidence_interval":{"confidence_level":0.95,"lower_bound":-0.00041711554657475336,"upper_bound":0.0009616450328134717},"point_estimate":0.00008012190111128525,"standard_error":0.00035929778215224186}}