{"mean":{"confidence_interval":{"confidence_level":0.95,"lower_bound":-0.02941681887226673,"upper_bound":-0.025442425636798438},"point_estimate":-0.027426491757401417,"standard_error":0.0010150112336181705},"median":{"confidence_interval":{"confidence_level":0.95,"lower_bound":-0.028023589112519676,"upper_bound":-0.027143842171267994},"point_estimate":-0.027606013947934382,"standard_error":0.00022656934142748593}}