{"mean":{"confidence_interval":{"confidence_level":0.95,"lower_bound":-0.008898000619797676,"upper_bound":-0.003553231572028025},"point_estimate":-0.006026566777677322,"standard_error":0.0013588683977862753},"median":{"confidence_interval":{"confidence_level":0.95,"lower_bound":-0.010468248444229888,"upper_bound":-0.008655555139296722},"point_estimate":-0.009930583646891922,"standard_error":0.0004693969337375779}}